heat,fish,measure,value,.lower,.upper,.width,.point,.interval
Ambient,Fish,a) ISD 位,-1.6298160982219583,-1.857022336706017,-1.4285534613892463,0.95,median,qi
Ambient,No Fish,a) ISD 位,-1.6100251156565197,-1.8676579596241671,-1.373829108544753,0.95,median,qi
Heated,Fish,a) ISD 位,-1.587798171314176,-1.81533872533147,-1.3985259816768525,0.95,median,qi
Heated,No Fish,a) ISD 位,-1.559507772282533,-1.8449470937422126,-1.3612105182652299,0.95,median,qi
Ambient,Fish,b) Metabolic Scaling Slope,0.4640346853071097,0.3974659022375364,0.5330721669829165,0.95,median,qi
Ambient,No Fish,b) Metabolic Scaling Slope,0.31199374782101463,0.2472154884628474,0.37854556811230383,0.95,median,qi
Heated,Fish,b) Metabolic Scaling Slope,0.35040786690920483,0.28064159264170213,0.42125531975797287,0.95,median,qi
Heated,No Fish,b) Metabolic Scaling Slope,0.44687404523363194,0.3875564621470409,0.5107758994675817,0.95,median,qi
